round,route,sample,latency_ms,peak_allocated_bytes,peak_reserved_bytes
0,fused,0,0.9527680277824402,302350848,1147142144
0,fused,1,0.9290559887886047,302350848,1147142144
0,fused,2,0.9246399998664856,302350848,1147142144
0,fused,3,0.9338560104370117,302350848,1147142144
0,fused,4,0.9255679845809937,302350848,1147142144
0,fused,5,0.92985600233078,302350848,1147142144
0,fused,6,0.9298880100250244,302350848,1147142144
0,fused,7,0.9243519902229309,302350848,1147142144
0,fused,8,0.9278079867362976,302350848,1147142144
0,fused,9,0.9269120097160339,302350848,1147142144
0,fused,10,0.9307519793510437,302350848,1147142144
0,fused,11,0.9277439713478088,302350848,1147142144
0,fused,12,0.9257599711418152,302350848,1147142144
0,fused,13,0.9299200177192688,302350848,1147142144
0,fused,14,0.9285119771957397,302350848,1147142144
0,fused,15,0.923583984375,302350848,1147142144
0,fused,16,0.9306560158729553,302350848,1147142144
0,fused,17,0.9306240081787109,302350848,1147142144
0,fused,18,0.9317119717597961,302350848,1147142144
0,fused,19,0.9307839870452881,302350848,1147142144
0,fused,20,0.933791995048523,302350848,1147142144
0,fused,21,0.9319360256195068,302350848,1147142144
0,fused,22,0.9348160028457642,302350848,1147142144
0,fused,23,0.9329599738121033,302350848,1147142144
0,fused,24,0.9337599873542786,302350848,1147142144
0,fused,25,0.92985600233078,302350848,1147142144
0,fused,26,0.9327999949455261,302350848,1147142144
0,fused,27,0.9308800101280212,302350848,1147142144
0,fused,28,0.9296960234642029,302350848,1147142144
0,fused,29,0.9265279769897461,302350848,1147142144
0,legacy,0,2.7192320823669434,403014144,1147142144
0,legacy,1,2.70415997505188,403014144,1147142144
0,legacy,2,3.1335361003875732,403014144,1147142144
0,legacy,3,2.9553279876708984,403014144,1147142144
0,legacy,4,2.7892160415649414,403014144,1147142144
0,legacy,5,2.702176094055176,403014144,1147142144
0,legacy,6,2.7115519046783447,403014144,1147142144
0,legacy,7,2.711456060409546,403014144,1147142144
0,legacy,8,2.706399917602539,403014144,1147142144
0,legacy,9,3.117151975631714,403014144,1147142144
0,legacy,10,2.9163200855255127,403014144,1147142144
0,legacy,11,2.8182079792022705,403014144,1147142144
0,legacy,12,2.7041919231414795,403014144,1147142144
0,legacy,13,2.7085120677948,403014144,1147142144
0,legacy,14,2.7094080448150635,403014144,1147142144
0,legacy,15,2.7064640522003174,403014144,1147142144
0,legacy,16,2.708479881286621,403014144,1147142144
0,legacy,17,2.711456060409546,403014144,1147142144
0,legacy,18,2.7197439670562744,403014144,1147142144
0,legacy,19,2.7083520889282227,403014144,1147142144
0,legacy,20,2.7187840938568115,403014144,1147142144
0,legacy,21,2.7105278968811035,403014144,1147142144
0,legacy,22,2.711711883544922,403014144,1147142144
0,legacy,23,2.7122559547424316,403014144,1147142144
0,legacy,24,2.715424060821533,403014144,1147142144
0,legacy,25,2.7055039405822754,403014144,1147142144
0,legacy,26,2.7187840938568115,403014144,1147142144
0,legacy,27,2.709376096725464,403014144,1147142144
0,legacy,28,2.707263946533203,403014144,1147142144
0,legacy,29,2.7052481174468994,403014144,1147142144
1,fused,0,0.9444159865379333,302350848,1147142144
1,fused,1,0.9340479969978333,302350848,1147142144
1,fused,2,0.9296640157699585,302350848,1147142144
1,fused,3,0.9257599711418152,302350848,1147142144
1,fused,4,0.9278079867362976,302350848,1147142144
1,fused,5,0.9278079867362976,302350848,1147142144
1,fused,6,0.9307199716567993,302350848,1147142144
1,fused,7,0.9267200231552124,302350848,1147142144
1,fused,8,0.9308159947395325,302350848,1147142144
1,fused,9,0.9307199716567993,302350848,1147142144
1,fused,10,0.9295679926872253,302350848,1147142144
1,fused,11,0.9277759790420532,302350848,1147142144
1,fused,12,0.9287359714508057,302350848,1147142144
1,fused,13,0.9257599711418152,302350848,1147142144
1,fused,14,0.9328640103340149,302350848,1147142144
1,fused,15,0.9317119717597961,302350848,1147142144
1,fused,16,0.9276480078697205,302350848,1147142144
1,fused,17,0.9297599792480469,302350848,1147142144
1,fused,18,0.9728639721870422,302350848,1147142144
1,fused,19,0.9345279932022095,302350848,1147142144
1,fused,20,0.9337599873542786,302350848,1147142144
1,fused,21,0.9441919922828674,302350848,1147142144
1,fused,22,1.0552639961242676,302350848,1147142144
1,fused,23,0.9896960258483887,302350848,1147142144
1,fused,24,0.9901120066642761,302350848,1147142144
1,fused,25,0.9319040179252625,302350848,1147142144
1,fused,26,0.9327359795570374,302350848,1147142144
1,fused,27,0.9339519739151001,302350848,1147142144
1,fused,28,0.9399679899215698,302350848,1147142144
1,fused,29,0.9379839897155762,302350848,1147142144
1,legacy,0,2.730304002761841,403014144,1147142144
1,legacy,1,2.7217600345611572,403014144,1147142144
1,legacy,2,2.708575963973999,403014144,1147142144
1,legacy,3,2.791327953338623,403014144,1147142144
1,legacy,4,3.092223882675171,403014144,1147142144
1,legacy,5,3.0237441062927246,403014144,1147142144
1,legacy,6,2.7106239795684814,403014144,1147142144
1,legacy,7,2.7178239822387695,403014144,1147142144
1,legacy,8,2.711359977722168,403014144,1147142144
1,legacy,9,2.7127039432525635,403014144,1147142144
1,legacy,10,2.708319902420044,403014144,1147142144
1,legacy,11,2.7137598991394043,403014144,1147142144
1,legacy,12,2.713376045227051,403014144,1147142144
1,legacy,13,2.7238080501556396,403014144,1147142144
1,legacy,14,2.7082879543304443,403014144,1147142144
1,legacy,15,3.2610878944396973,403014144,1147142144
1,legacy,16,3.5469439029693604,403014144,1147142144
1,legacy,17,3.483776092529297,403014144,1147142144
1,legacy,18,3.254688024520874,403014144,1147142144
1,legacy,19,3.031264066696167,403014144,1147142144
1,legacy,20,3.3007359504699707,403014144,1147142144
1,legacy,21,3.385279893875122,403014144,1147142144
1,legacy,22,2.930272102355957,403014144,1147142144
1,legacy,23,2.7063040733337402,403014144,1147142144
1,legacy,24,2.7105278968811035,403014144,1147142144
1,legacy,25,2.7277441024780273,403014144,1147142144
1,legacy,26,2.734015941619873,403014144,1147142144
1,legacy,27,2.734976053237915,403014144,1147142144
1,legacy,28,2.7403199672698975,403014144,1147142144
1,legacy,29,2.7267839908599854,403014144,1147142144
2,legacy,0,2.728224039077759,403014144,1147142144
2,legacy,1,2.715775966644287,403014144,1147142144
2,legacy,2,2.785248041152954,403014144,1147142144
2,legacy,3,3.08406400680542,403014144,1147142144
2,legacy,4,3.0320639610290527,403014144,1147142144
2,legacy,5,2.7116479873657227,403014144,1147142144
2,legacy,6,2.7134718894958496,403014144,1147142144
2,legacy,7,2.708672046661377,403014144,1147142144
2,legacy,8,2.7155520915985107,403014144,1147142144
2,legacy,9,2.709536075592041,403014144,1147142144
2,legacy,10,2.7193920612335205,403014144,1147142144
2,legacy,11,2.708672046661377,403014144,1147142144
2,legacy,12,2.7176640033721924,403014144,1147142144
2,legacy,13,2.7104320526123047,403014144,1147142144
2,legacy,14,2.714495897293091,403014144,1147142144
2,legacy,15,2.7084479331970215,403014144,1147142144
2,legacy,16,2.7167038917541504,403014144,1147142144
2,legacy,17,3.1795520782470703,403014144,1147142144
2,legacy,18,3.0156478881835938,403014144,1147142144
2,legacy,19,2.7636160850524902,403014144,1147142144
2,legacy,20,2.725759983062744,403014144,1147142144
2,legacy,21,2.7197439670562744,403014144,1147142144
2,legacy,22,2.7153921127319336,403014144,1147142144
2,legacy,23,2.7185919284820557,403014144,1147142144
2,legacy,24,2.7185919284820557,403014144,1147142144
2,legacy,25,2.721856117248535,403014144,1147142144
2,legacy,26,2.7310080528259277,403014144,1147142144
2,legacy,27,2.7576959133148193,403014144,1147142144
2,legacy,28,3.277600049972534,403014144,1147142144
2,legacy,29,2.72160005569458,403014144,1147142144
2,fused,0,0.947808027267456,302350848,1147142144
2,fused,1,0.937279999256134,302350848,1147142144
2,fused,2,0.937824010848999,302350848,1147142144
2,fused,3,0.9306560158729553,302350848,1147142144
2,fused,4,0.92876797914505,302350848,1147142144
2,fused,5,0.9346240162849426,302350848,1147142144
2,fused,6,0.9307839870452881,302350848,1147142144
2,fused,7,0.9336000084877014,302350848,1147142144
2,fused,8,0.9339839816093445,302350848,1147142144
2,fused,9,0.9347839951515198,302350848,1147142144
2,fused,10,0.9401919841766357,302350848,1147142144
2,fused,11,0.933568000793457,302350848,1147142144
2,fused,12,0.9340159893035889,302350848,1147142144
2,fused,13,0.9308800101280212,302350848,1147142144
2,fused,14,0.9338560104370117,302350848,1147142144
2,fused,15,0.9338560104370117,302350848,1147142144
2,fused,16,0.9329280257225037,302350848,1147142144
2,fused,17,0.9328640103340149,302350848,1147142144
2,fused,18,0.9317439794540405,302350848,1147142144
2,fused,19,0.9348800182342529,302350848,1147142144
2,fused,20,0.9349759817123413,302350848,1147142144
2,fused,21,0.9327999949455261,302350848,1147142144
2,fused,22,0.9318079948425293,302350848,1147142144
2,fused,23,0.9349759817123413,302350848,1147142144
2,fused,24,0.9308800101280212,302350848,1147142144
2,fused,25,0.9326720237731934,302350848,1147142144
2,fused,26,0.9347519874572754,302350848,1147142144
2,fused,27,0.9318079948425293,302350848,1147142144
2,fused,28,0.9347519874572754,302350848,1147142144
2,fused,29,0.9334080219268799,302350848,1147142144
3,fused,0,0.9494720101356506,302350848,1147142144
3,fused,1,0.9319040179252625,302350848,1147142144
3,fused,2,0.9892799854278564,302350848,1147142144
3,fused,3,0.9382399916648865,302350848,1147142144
3,fused,4,0.9423040151596069,302350848,1147142144
3,fused,5,0.9673920273780823,302350848,1147142144
3,fused,6,1.0901440382003784,302350848,1147142144
3,fused,7,0.9965440034866333,302350848,1147142144
3,fused,8,1.0207040309906006,302350848,1147142144
3,fused,9,0.9381759762763977,302350848,1147142144
3,fused,10,0.948032021522522,302350848,1147142144
3,fused,11,0.9470400214195251,302350848,1147142144
3,fused,12,0.9419199824333191,302350848,1147142144
3,fused,13,0.9501439929008484,302350848,1147142144
3,fused,14,0.9459840059280396,302350848,1147142144
3,fused,15,1.1205439567565918,302350848,1147142144
3,fused,16,0.9490560293197632,302350848,1147142144
3,fused,17,0.948639988899231,302350848,1147142144
3,fused,18,0.9462720155715942,302350848,1147142144
3,fused,19,0.9822400212287903,302350848,1147142144
3,fused,20,0.979744017124176,302350848,1147142144
3,fused,21,0.9370560050010681,302350848,1147142144
3,fused,22,0.9370239973068237,302350848,1147142144
3,fused,23,0.9371839761734009,302350848,1147142144
3,fused,24,0.9439359903335571,302350848,1147142144
3,fused,25,0.9357759952545166,302350848,1147142144
3,fused,26,0.9358400106430054,302350848,1147142144
3,fused,27,0.9337599873542786,302350848,1147142144
3,fused,28,0.9319040179252625,302350848,1147142144
3,fused,29,0.9368000030517578,302350848,1147142144
3,legacy,0,2.7468481063842773,403014144,1147142144
3,legacy,1,2.7188479900360107,403014144,1147142144
3,legacy,2,2.72271990776062,403014144,1147142144
3,legacy,3,2.726016044616699,403014144,1147142144
3,legacy,4,2.7235519886016846,403014144,1147142144
3,legacy,5,2.753056049346924,403014144,1147142144
3,legacy,6,3.159071922302246,403014144,1147142144
3,legacy,7,3.0688319206237793,403014144,1147142144
3,legacy,8,2.71779203414917,403014144,1147142144
3,legacy,9,2.7146880626678467,403014144,1147142144
3,legacy,10,2.7217600345611572,403014144,1147142144
3,legacy,11,2.711616039276123,403014144,1147142144
3,legacy,12,2.7072958946228027,403014144,1147142144
3,legacy,13,3.188800096511841,403014144,1147142144
3,legacy,14,3.0515201091766357,403014144,1147142144
3,legacy,15,2.713696002960205,403014144,1147142144
3,legacy,16,2.728991985321045,403014144,1147142144
3,legacy,17,2.7278079986572266,403014144,1147142144
3,legacy,18,2.7155520915985107,403014144,1147142144
3,legacy,19,2.7200000286102295,403014144,1147142144
3,legacy,20,3.1989119052886963,403014144,1147142144
3,legacy,21,3.0639359951019287,403014144,1147142144
3,legacy,22,2.715679883956909,403014144,1147142144
3,legacy,23,2.7177278995513916,403014144,1147142144
3,legacy,24,2.7127039432525635,403014144,1147142144
3,legacy,25,2.7126080989837646,403014144,1147142144
3,legacy,26,2.7145280838012695,403014144,1147142144
3,legacy,27,2.7167999744415283,403014144,1147142144
3,legacy,28,2.7074880599975586,403014144,1147142144
3,legacy,29,2.7164480686187744,403014144,1147142144
4,fused,0,0.9439679980278015,302350848,1147142144
4,fused,1,0.9299200177192688,302350848,1147142144
4,fused,2,0.9289600253105164,302350848,1147142144
4,fused,3,0.926751971244812,302350848,1147142144
4,fused,4,0.936896026134491,302350848,1147142144
4,fused,5,0.926751971244812,302350848,1147142144
4,fused,6,0.927839994430542,302350848,1147142144
4,fused,7,0.9318079948425293,302350848,1147142144
4,fused,8,0.932096004486084,302350848,1147142144
4,fused,9,0.9256960153579712,302350848,1147142144
4,fused,10,0.9278079867362976,302350848,1147142144
4,fused,11,0.9367679953575134,302350848,1147142144
4,fused,12,0.9266240000724792,302350848,1147142144
4,fused,13,0.9285439848899841,302350848,1147142144
4,fused,14,0.925823986530304,302350848,1147142144
4,fused,15,0.928704023361206,302350848,1147142144
4,fused,16,0.9285439848899841,302350848,1147142144
4,fused,17,0.9296960234642029,302350848,1147142144
4,fused,18,0.9307839870452881,302350848,1147142144
4,fused,19,0.9307519793510437,302350848,1147142144
4,fused,20,0.9306240081787109,302350848,1147142144
4,fused,21,0.9257599711418152,302350848,1147142144
4,fused,22,0.9306240081787109,302350848,1147142144
4,fused,23,0.9247040152549744,302350848,1147142144
4,fused,24,0.9295039772987366,302350848,1147142144
4,fused,25,0.9246399998664856,302350848,1147142144
4,fused,26,0.9298239946365356,302350848,1147142144
4,fused,27,0.928704023361206,302350848,1147142144
4,fused,28,0.9830399751663208,302350848,1147142144
4,fused,29,0.936352014541626,302350848,1147142144
4,legacy,0,2.7283198833465576,403014144,1147142144
4,legacy,1,2.71942400932312,403014144,1147142144
4,legacy,2,2.721951961517334,403014144,1147142144
4,legacy,3,2.707551956176758,403014144,1147142144
4,legacy,4,2.7168641090393066,403014144,1147142144
4,legacy,5,2.7113919258117676,403014144,1147142144
4,legacy,6,2.713696002960205,403014144,1147142144
4,legacy,7,2.7740159034729004,403014144,1147142144
4,legacy,8,3.1365439891815186,403014144,1147142144
4,legacy,9,3.051424026489258,403014144,1147142144
4,legacy,10,2.712768077850342,403014144,1147142144
4,legacy,11,2.705440044403076,403014144,1147142144
4,legacy,12,2.7033920288085938,403014144,1147142144
4,legacy,13,2.7042880058288574,403014144,1147142144
4,legacy,14,2.706559896469116,403014144,1147142144
4,legacy,15,2.706239938735962,403014144,1147142144
4,legacy,16,2.7116479873657227,403014144,1147142144
4,legacy,17,2.7228479385375977,403014144,1147142144
4,legacy,18,2.7402560710906982,403014144,1147142144
4,legacy,19,2.734112024307251,403014144,1147142144
4,legacy,20,2.727871894836426,403014144,1147142144
4,legacy,21,2.709439992904663,403014144,1147142144
4,legacy,22,2.7065279483795166,403014144,1147142144
4,legacy,23,2.705183982849121,403014144,1147142144
4,legacy,24,2.719775915145874,403014144,1147142144
4,legacy,25,2.7147200107574463,403014144,1147142144
4,legacy,26,2.721695899963379,403014144,1147142144
4,legacy,27,2.710400104522705,403014144,1147142144
4,legacy,28,2.7196478843688965,403014144,1147142144
4,legacy,29,2.7132480144500732,403014144,1147142144
