scope,tokens,route,unit,samples,mean,median,p10,p90,minimum,maximum,peak_allocated_bytes,peak_reserved_bytes,source_csv
layout+attention,31200,legacy,ms,150,29.866456298828126,29.788223266601562,29.28243522644043,30.439020729064943,27.4454402923584,33.62035369873047,1684340736,5171576832,vsa64/benchmark-20x30x52-attention.csv
layout+attention,31200,fused,ms,150,22.511761423746744,22.590591430664062,21.024560165405273,23.14926986694336,20.996959686279297,24.53014373779297,1376583680,5171576832,vsa64/benchmark-20x30x52-attention.csv
layout,31200,legacy,ms,150,10.139090506235759,10.021807670593262,10.006639766693116,10.648645973205566,9.995360374450684,12.133440017700195,1586831872,4378853376,vsa64/benchmark-20x30x52-layout.csv
layout,31200,fused,ms,150,3.667863680521647,3.600912094116211,3.5881568431854247,3.8044608354568483,3.5838398933410645,4.257567882537842,1203053056,4378853376,vsa64/benchmark-20x30x52-layout.csv
layout+attention,8192,legacy,ms,150,4.69000299135844,4.6183037757873535,4.611008167266846,4.891737747192383,4.60697603225708,5.8021440505981445,440310272,1270874112,vsa64/benchmark-8x32x32-attention.csv
layout+attention,8192,fused,ms,150,2.846794457435608,2.8256640434265137,2.8200608491897583,2.880505657196045,2.816096067428589,3.296351909637451,364812800,1270874112,vsa64/benchmark-8x32x32-attention.csv
layout,8192,legacy,ms,150,2.7966547187169395,2.7182079553604126,2.7071935415267943,3.084879994392395,2.702176094055176,3.5469439029693604,403014144,1147142144,vsa64/benchmark-8x32x32-layout.csv
layout,8192,fused,ms,150,0.9398289048671722,0.9327040016651154,0.9267487764358521,0.9495392084121704,0.923583984375,1.1205439567565918,302350848,1147142144,vsa64/benchmark-8x32x32-layout.csv
"trained full DiT, synthetic conditioning",31200,legacy,ms,150,6488.453466796875,6485.169677734375,6474.76650390625,6495.2072265625,6464.458984375,6681.7138671875,6754564608,12039749632,vsa64/trained-wan-31200-benchmark.csv
"trained full DiT, synthetic conditioning",31200,fused,ms,150,6236.693492838542,6236.700439453125,6227.26025390625,6246.62626953125,6220.51171875,6253.46240234375,6754564608,12039749632,vsa64/trained-wan-31200-benchmark.csv
"trained full DiT, synthetic conditioning",8192,legacy,ms,150,2494.1625187174477,2607.7835693359375,2070.156530761719,2619.578173828125,1936.2496337890625,2632.366943359375,3986172416,7415529472,vsa64/trained-wan-8192-benchmark.csv
"trained full DiT, synthetic conditioning",8192,fused,ms,150,2370.3584814453125,2521.5587158203125,1807.73310546875,2533.6537353515623,1786.5819091796875,2559.481689453125,3986172416,7415529472,vsa64/trained-wan-8192-benchmark.csv
3-step trained DiT with real prompts,31200,legacy,ms,9,17991.465874565973,17467.2080078125,17453.77138671875,19418.3267578125,17451.36279296875,19442.6064453125,34307520000,36612079616,vsa64/pipeline-full-v3/report.csv
3-step trained DiT with real prompts,31200,fused,ms,9,17547.83034939236,16845.21484375,16821.24931640625,18720.85947265625,16815.77392578125,18745.26416015625,34307520000,36612079616,vsa64/pipeline-full-v3/report.csv
instrumented prompt pipeline including T5/VAE,31200,legacy,s,9,38.790438090222274,37.82136410200019,37.77461932020051,41.172132669798884,37.773536781000075,41.20146685299915,34307520000,36612079616,vsa64/pipeline-full-v3/report.csv
instrumented prompt pipeline including T5/VAE,31200,fused,s,9,38.431510763333485,37.19788280499961,37.15619017960016,40.49010325600066,37.153606930000024,40.50510178800141,34307520000,36612079616,vsa64/pipeline-full-v3/report.csv
