scope,tokens,round,legacy_median_ms,fused_median_ms,reduction_percent
layout+attention,31200,0,29.77524757385254,21.023344039916992,29.393218351007523
layout+attention,31200,1,29.77455997467041,22.861791610717773,23.217029470237062
layout+attention,31200,2,29.75649642944336,22.910816192626953,23.005666184688213
layout+attention,31200,3,29.901968002319336,22.794655799865723,23.768710480535383
layout+attention,31200,4,29.813071250915527,22.60646343231201,24.172644803853306
layout,31200,0,10.024655818939209,3.5921919345855713,64.16643125244283
layout,31200,1,10.018831729888916,3.600912094116211,64.05856300217414
layout,31200,2,10.0207200050354,3.622431993484497,63.85058167812064
layout,31200,3,10.024991989135742,3.5957759618759155,64.13188194292105
layout,31200,4,10.022496223449707,3.77345609664917,62.35013700658338
layout+attention,8192,0,4.624399900436401,2.8246240615844727,38.9191219963932
layout+attention,8192,1,4.618592023849487,2.8271679878234863,38.78723270588623
layout+attention,8192,2,4.618927955627441,2.827183961868286,38.79133883385636
layout+attention,8192,3,4.615679979324341,2.8235679864883423,38.82660844910514
layout+attention,8192,4,4.618624210357666,2.8301600217819214,38.722877357394836
layout,8192,0,2.711456060409546,0.9299040138721466,65.70462536900962
layout,8192,1,2.729024052619934,0.9318079948425293,65.85563275091073
layout,8192,2,2.718991994857788,0.9337280094623566,65.65903793654996
layout,8192,3,2.71942400932312,0.9461280107498169,65.2085144682784
layout,8192,4,2.7142080068588257,0.9292320013046265,65.76415665430027
"trained full DiT, synthetic conditioning",31200,0,6485.8046875,6237.086669921875,3.834805850035472
"trained full DiT, synthetic conditioning",31200,1,6486.216796875,6237.748291015625,3.830715402221596
"trained full DiT, synthetic conditioning",31200,2,6482.35009765625,6237.07568359375,3.783726740571769
"trained full DiT, synthetic conditioning",31200,3,6486.46435546875,6236.260498046875,3.8573226292522134
"trained full DiT, synthetic conditioning",31200,4,6482.790283203125,6234.4677734375,3.8304880910466466
"trained full DiT, synthetic conditioning",8192,0,2036.0824584960938,1807.61962890625,11.2207061475591
"trained full DiT, synthetic conditioning",8192,1,2610.1280517578125,2525.3450927734375,3.248229868541397
"trained full DiT, synthetic conditioning",8192,2,2608.8336181640625,2524.0460205078125,3.250019359836309
"trained full DiT, synthetic conditioning",8192,3,2609.4305419921875,2522.01806640625,3.349867880338442
"trained full DiT, synthetic conditioning",8192,4,2613.190185546875,2524.945068359375,3.376911396482707
