pair,seed,repeat,legacy_dit_ms,fused_dit_ms,dit_reduction_percent,legacy_generation_s,fused_generation_s,generation_reduction_percent
0,0,0,17461.23779296875,16822.6181640625,3.6573560046436526,37.82136410200019,37.1568359920002,1.7570178278282889
0,0,1,17454.54052734375,16815.77392578125,3.659601354511899,37.77488995500062,37.153606930000024,1.6446984378794993
0,0,2,17451.36279296875,16824.974609375,3.5893367814582633,37.773536781000075,37.16571008699975,1.6091336575770665
1,11,0,17454.37353515625,16845.21484375,3.4900060444982173,37.77976392900018,37.19788280499961,1.5401925885352497
1,11,1,17467.2080078125,16834.2529296875,3.6236763072947875,37.812816450000355,37.187318569001036,1.654195428225802
1,11,2,17485.58935546875,17624.716796875,-0.7956691569148466,38.33136784800081,38.57321616799891,-0.6309410114377467
2,42,0,18294.017578125,18714.75830078125,-2.2998814823450786,39.453937770000266,40.48635362300047,-2.6167625118150406
2,42,1,19442.6064453125,18745.26416015625,3.5866707846898493,41.20146685299915,40.50510178800141,1.6901462937770284
2,42,2,19412.2568359375,18702.8994140625,3.654172865474259,41.16479912399882,40.45757090799998,1.718041217372368
