pair,seed,route,repeat,generation_wall_seconds,dit_total_ms,peak_allocated_bytes,peak_reserved_bytes,execution_completed,bitwise_passed
0,0,legacy,0,37.82136410200019,17461.23779296875,34307520000,36612079616,True,True
0,0,legacy,1,37.77488995500062,17454.54052734375,34307520000,36612079616,True,True
0,0,fused,0,37.1568359920002,16822.6181640625,34307520000,36612079616,True,True
0,0,legacy,2,37.773536781000075,17451.36279296875,34307520000,36612079616,True,True
0,0,fused,1,37.153606930000024,16815.77392578125,34307520000,36612079616,True,True
0,0,fused,2,37.16571008699975,16824.974609375,34307520000,36612079616,True,True
1,11,legacy,0,37.77976392900018,17454.37353515625,34307520000,36612079616,True,True
1,11,legacy,1,37.812816450000355,17467.2080078125,34307520000,36612079616,True,True
1,11,fused,0,37.19788280499961,16845.21484375,34307520000,36612079616,True,True
1,11,fused,1,37.187318569001036,16834.2529296875,34307520000,36612079616,True,True
1,11,legacy,2,38.33136784800081,17485.58935546875,34307520000,36612079616,True,True
1,11,fused,2,38.57321616799891,17624.716796875,34307520000,36612079616,True,True
2,42,legacy,0,39.453937770000266,18294.017578125,34307520000,36612079616,True,True
2,42,fused,0,40.48635362300047,18714.75830078125,34307520000,36612079616,True,True
2,42,fused,1,40.50510178800141,18745.26416015625,34307520000,36612079616,True,True
2,42,legacy,1,41.20146685299915,19442.6064453125,34307520000,36612079616,True,True
2,42,legacy,2,41.16479912399882,19412.2568359375,34307520000,36612079616,True,True
2,42,fused,2,40.45757090799998,18702.8994140625,34307520000,36612079616,True,True
